{"cameraMode":{"drawMode":0,"name":"Shaded","section":"Shading Mode"},"sceneLighting":true,"audioPlay":false,"sceneViewState":{"showFog":true,"showMaterialUpdate":false,"showSkybox":true,"showFlares":true,"showImageEffects":true,"showParticleSystems":true,"showVisualEffectGraphs":true,"m_FxEnabled":false},"in2DMode":false,"pivot":{"x":14.152870178222657,"y":2.576840400695801,"z":-6.7690887451171879},"rotation":{"x":0.0004709747445303947,"y":0.9992762207984924,"z":0.03567977249622345,"w":-0.013190212659537793},"size":10.873499870300293,"orthographic":false}